fecha,hora,pm10_ugm3,humedad_relativa_pct,direccion_viento_grados,velocidad_viento_ms,precipitacion_mm,condicion_lluvia,estacion_anio,n_eventos,numero_taladros,tonelaje_tm,anfo_kg,emulsion_kg,explosivo_total_kg,p80,mes,tiempo_taladro_ms,tiempo_fila_ms,n_retardos_taladro,n_retardos_fila
2023-01-01,13,8.2,72.0,303.0,1.7,0.0,Seco,Verano,2,260,112382.0,5905,24268,30173,8.795,1,33.0,364.0,1,1
2023-01-02,12,11.3,45.0,293.0,1.0,0.0,Seco,Verano,4,395,212388.0,6411,39185,45597,20.735999999999997,1,67.0,332.0,1,1
2023-01-03,12,56.6,38.0,317.0,1.4,0.0,Seco,Verano,1,164,74682.0,4081,16778,20858,4.642,1,17.0,25.0,1,2
2023-01-04,12,13.6,47.0,321.0,0.3,0.0,Seco,Verano,3,357,164722.0,8333,34261,42594,15.59,1,41.0,224.0,1,1
2023-01-05,7,12.0,94.0,165.0,0.0,0.0,Seco,Verano,1,167,92538.0,4103,16870,20973,5.5,1,7.0,182.0,2,1
2023-01-06,12,16.7,34.0,312.0,2.5,0.0,Seco,Verano,1,94,60023.0,2279,9365,11644,5.95,1,17.0,75.0,1,1
2023-01-07,12,127.2,46.0,309.0,2.4,0.0,Seco,Verano,2,281,147777.0,6958,24738,31695,10.600000000000001,1,7.0,364.0,1,1
2023-01-08,13,19.6,47.0,308.0,1.6,0.0,Seco,Verano,1,292,125232.0,6417,26385,32803,6.75,1,7.0,182.0,1,1
2023-01-09,12,12.0,60.0,302.0,2.0,0.0,Seco,Verano,1,120,46830.0,2062,8543,10605,5.37,1,26.0,182.0,1,1
2023-01-10,12,,66.0,125.0,0.0,0.0,Seco,Verano,1,53,52683.0,839,3448,4287,5.37,1,26.0,182.0,1,1
2023-01-11,12,,66.0,320.0,1.9,0.0,Seco,Verano,2,123,60156.0,2400,9662,12061,11.29,1,26.0,364.0,1,1
2023-01-12,12,,65.0,304.0,2.3,0.0,Seco,Verano,2,214,104938.0,4056,19179,23235,11.38,1,,282.0,1,1
2023-01-13,12,6.7,60.0,312.0,2.6,0.0,Seco,Verano,3,140,73460.0,3167,13035,16202,11.58,1,17.0,84.0,1,1
2023-01-13,13,6.6,57.0,295.0,1.9,0.0,Seco,Verano,2,62,29833.0,0,6222,6222,5.44,1,17.0,42.0,1,2
2023-01-14,13,19.5,53.0,306.0,3.2,0.0,Seco,Verano,2,180,70366.0,4901,14910,19811,10.600000000000001,1,126.0,1182.0,1,1
2023-01-16,12,15.1,80.0,314.0,1.8,0.2,Lluvia ligera,Verano,1,129,62289.0,1344,12446,13789,5.63,1,12.0,182.0,1,1
2023-01-16,13,7.9,79.0,328.0,1.0,0.4,Lluvia ligera,Verano,1,242,108427.0,5929,24368,30297,4.66,1,17.0,42.0,1,1
2023-01-17,13,10.3,46.0,303.0,3.2,0.0,Seco,Verano,1,199,94822.0,4057,16615,20672,6.08,1,100.0,75.0,1,1
2023-01-18,7,7.4,87.0,195.0,0.0,0.0,Seco,Verano,1,46,86224.0,0,1624,1624,4.96,1,65.0,1000.0,1,1
2023-01-18,12,17.0,67.0,305.0,1.5,0.0,Seco,Verano,1,141,,1584,14650,16234,5.51,1,12.0,169.0,2,1
2023-01-19,12,8.5,78.0,296.0,1.2,0.0,Seco,Verano,1,191,86946.0,3927,16212,20139,5.81,1,17.0,75.0,1,2
2023-01-20,13,4.8,73.0,324.0,2.6,0.0,Seco,Verano,1,71,30524.0,0,7995,7995,5.77,1,26.0,169.0,1,1
2023-01-21,12,5.1,72.0,310.0,3.5,0.0,Seco,Verano,1,157,77588.0,1906,17628,19534,5.42,1,12.0,169.0,1,1
2023-01-21,13,5.1,70.0,300.0,2.7,0.0,Seco,Verano,1,206,98738.0,7083,16983,24066,5.81,1,17.0,75.0,1,2
2023-01-22,12,6.2,73.0,309.0,2.5,0.0,Seco,Verano,1,202,108058.0,2517,23287,25804,5.77,1,17.0,42.0,1,1
2023-01-23,12,7.2,74.0,322.0,2.2,0.0,Seco,Verano,1,298,155194.0,2993,27707,30699,4.66,1,17.0,42.0,1,2
2023-01-24,12,13.7,70.0,345.0,0.0,0.0,Seco,Verano,1,187,87100.0,4130,16982,21112,4.82,1,17.0,42.0,1,1
2023-01-26,12,9.1,,,,,,Verano,1,218,122203.0,7417,17785,25202,4.82,1,7.0,150.0,1,1
2023-01-27,12,8.9,71.0,83.0,0.0,0.0,Seco,Verano,1,175,94128.0,6097,14627,20724,4.32,1,26.0,175.0,1,1
2023-01-28,12,5.4,85.0,353.0,0.2,0.0,Seco,Verano,2,322,164723.0,5887,31718,37605,9.21,1,24.0,182.0,1,1
2023-01-29,12,19.9,68.0,308.0,1.9,0.0,Seco,Verano,1,184,100797.0,1989,18396,20385,4.22,1,17.0,25.0,1,2
2023-01-29,13,14.8,62.0,299.0,2.4,0.0,Seco,Verano,1,98,50349.0,3143,7551,10694,5.15,1,7.0,182.0,1,1
2023-01-30,12,35.2,62.0,317.0,1.3,0.0,Seco,Verano,1,96,45797.0,0,8974,8974,5.16,1,7.0,150.0,1,1
2023-01-31,12,135.5,46.0,291.0,0.4,0.0,Seco,Verano,1,129,62980.0,4503,10804,15307,4.22,1,17.0,25.0,1,2
2023-02-01,12,30.0,66.0,111.0,1.4,0.0,Seco,Verano,1,172,81619.0,4019,16525,20545,4.8,2,17.0,25.0,1,2
2023-02-02,12,,84.0,317.0,1.9,0.0,Seco,Verano,1,93,50232.0,2302,9465,11767,4.87,2,17.0,25.0,1,2
2023-02-02,13,,,,,,,Verano,1,217,107546.0,7673,18402,26075,4.78,2,7.0,182.0,1,1
2023-02-03,12,3.6,76.0,301.0,1.6,0.0,Seco,Verano,1,58,80548.0,1299,5342,6642,5.85,2,7.0,182.0,1,1
2023-02-03,13,9.0,77.0,238.0,0.6,1.3,Lluvia ligera,Verano,1,113,,2402,9877,12280,5.16,2,17.0,25.0,1,1
2023-02-04,12,13.9,68.0,324.0,0.0,0.0,Seco,Verano,1,49,24930.0,1148,4697,5845,4.87,2,17.0,100.0,2,1
2023-02-05,12,47.6,71.0,311.0,1.9,0.0,Seco,Verano,1,134,70556.0,2827,11624,14452,4.87,2,8.0,182.0,1,1
2023-02-06,12,8.9,63.0,331.0,1.4,0.0,Seco,Verano,1,104,52575.0,2347,9650,11997,3.96,2,7.0,150.0,1,1
2023-02-06,13,8.1,65.0,305.0,2.1,0.0,Seco,Verano,1,203,96164.0,4686,19267,23953,9.379999999999999,2,24.0,182.0,1,1
2023-02-07,12,10.4,64.0,299.0,2.7,0.0,Seco,Verano,1,58,25132.0,1291,5313,6604,4.55,2,17.0,24.0,1,2
2023-02-09,13,146.6,59.0,292.0,1.6,0.0,Seco,Verano,1,183,81551.0,4428,14620,19048,8.629999999999999,2,0.0,370.0,1,1
2023-02-10,12,7.3,78.0,28.0,0.0,0.2,Lluvia ligera,Verano,1,68,31554.0,1543,6285,7827,4.55,2,17.0,42.0,2,1
2023-02-10,13,5.7,67.0,316.0,1.7,0.0,Seco,Verano,1,100,53275.0,1034,9556,10590,5.46,2,17.0,42.0,2,1
2023-02-11,12,22.3,73.0,313.0,1.7,0.0,Seco,Verano,1,184,87319.0,6279,15060,21339,4.7,2,8.0,182.0,2,1
2023-02-12,12,8.5,71.0,4.0,0.6,0.0,Seco,Verano,1,100,,2039,8380,10419,3.58,2,8.0,182.0,2,1
2023-02-12,13,10.7,68.0,296.0,2.9,0.0,Seco,Verano,1,51,71170.0,0,6020,6020,4.67,2,8.0,182.0,2,1
2023-02-13,12,4.8,72.0,301.0,1.6,0.0,Seco,Verano,1,162,73829.0,3395,13954,17349,4.55,2,17.0,45.0,2,2
2023-02-13,13,6.2,67.0,305.0,1.8,0.0,Seco,Verano,1,161,72305.0,3168,13026,16194,4.36,2,17.0,75.0,1,2
2023-02-14,13,5.1,68.0,305.0,2.3,0.0,Seco,Verano,1,103,45744.0,1071,9910,10981,4.78,2,8.0,182.0,2,1
2023-02-16,13,6.8,56.0,308.0,2.9,0.0,Seco,Verano,1,212,114240.0,2215,20492,22706,5.15,2,26.0,182.0,2,1
2023-02-17,13,57.9,50.0,300.0,2.7,0.0,Seco,Verano,1,331,168139.0,7751,31865,39616,5.3,2,13.0,42.0,3,2
2023-02-18,13,53.8,55.0,308.0,2.1,0.0,Seco,Verano,2,175,87626.0,4142,17034,21176,9.56,2,7.0,150.0,1,1
2023-02-19,12,68.1,76.0,300.0,2.7,0.0,Seco,Verano,2,182,92802.0,3284,17483,20766,10.284,2,0.0,257.0,1,1
2023-02-20,12,23.8,65.0,314.0,2.2,0.0,Seco,Verano,1,157,119398.0,1599,14795,16394,4.85,2,17.0,75.0,2,2
2023-02-21,12,51.3,66.0,313.0,2.7,0.0,Seco,Verano,1,56,24607.0,1707,4094,5801,3.41,2,8.0,182.0,3,1
2023-02-21,13,30.7,59.0,304.0,3.7,0.0,Seco,Verano,1,104,47393.0,3846,9225,13071,3.41,2,7.0,150.0,1,1
2023-02-22,12,8.4,73.0,315.0,2.4,0.0,Seco,Verano,2,227,89001.0,6446,21462,27908,8.552,2,8.0,224.0,1,1
2023-02-22,14,10.4,62.0,306.0,2.1,0.0,Seco,Verano,1,106,51236.0,2516,10347,12863,3.41,2,17.0,42.0,1,1
2023-02-23,12,4.9,81.0,9.0,0.8,0.1,Lluvia ligera,Verano,2,71,12823.0,2528,6062,8590,11.02,2,0.0,364.0,1,1
2023-02-24,13,9.3,67.0,331.0,0.7,0.0,Seco,Verano,2,240,105114.0,2460,21438,23897,9.758,2,33.0,364.0,1,1
2023-02-25,12,8.7,69.0,304.0,1.0,0.0,Seco,Verano,1,135,64875.0,4630,11097,15727,4.31,2,7.0,182.0,1,1
2023-02-25,13,8.6,63.0,300.0,1.4,0.0,Seco,Verano,1,213,63519.0,6784,20918,27701,1.943,2,3.0,182.0,1,1
2023-02-26,12,9.3,60.0,307.0,2.9,0.0,Seco,Verano,1,92,43763.0,2282,9376,11658,4.46,2,17.0,100.0,1,1
2023-02-27,12,7.1,69.0,347.0,0.8,0.0,Seco,Verano,1,107,61687.0,1168,10806,11974,4.28,2,17.0,75.0,1,1
2023-02-27,13,7.1,64.0,328.0,2.2,0.0,Seco,Verano,1,96,49771.0,2475,10177,12652,5.66,2,17.0,100.0,1,1
2023-02-28,12,5.4,49.0,101.0,3.6,0.0,Seco,Verano,2,183,101721.0,0,19153,19153,11.41,2,17.0,182.0,1,1
2023-03-01,12,5.3,63.0,89.0,1.6,0.0,Seco,Verano,1,51,18955.0,0,4447,4447,5.6,3,26.0,182.0,1,1
2023-03-02,12,11.5,58.0,309.0,3.5,0.0,Seco,Verano,2,315,153948.0,4957,28384,33340,10.75,3,43.0,257.0,1,1
2023-03-04,12,36.4,65.0,315.0,2.3,0.0,Seco,Verano,1,197,197.0,197,197,197,,3,197.0,197.0,1,1
2023-03-05,12,6.9,85.0,343.0,0.0,0.0,Seco,Verano,2,309,143863.0,7938,24749,32687,10.05,3,34.0,200.0,1,1
2023-03-06,13,3.4,66.0,325.0,2.0,0.0,Seco,Verano,2,200,114757.0,3831,18806,22636,9.02,3,34.0,0.0,1,1
2023-03-07,12,5.5,70.0,318.0,2.6,0.0,Seco,Verano,1,47,20065.0,1486,3563,5048,4.49,3,17.0,100.0,1,1
2023-03-08,13,5.1,73.0,290.0,0.3,0.3,Lluvia ligera,Verano,1,175,107000.0,0,18465,18465,4.28,3,26.0,182.0,1,1
2023-03-10,12,3.9,91.0,334.0,1.5,0.4,Lluvia ligera,Verano,1,82,31413.0,841,7794,8635,5.78,3,17.0,75.0,1,1
2023-03-10,13,1.6,87.0,327.0,1.1,0.1,Lluvia ligera,Verano,1,154,101645.0,0,18324,18324,4.28,3,26.0,182.0,1,1
2023-03-11,12,1.3,76.0,309.0,1.6,0.0,Seco,Verano,1,122,54288.0,2447,10060,12507,4.28,3,17.0,75.0,1,1
2023-03-12,12,3.4,91.0,219.0,0.0,0.9,Lluvia ligera,Verano,1,189,67707.0,4424,18186,22610,5.85,3,7.0,150.0,1,1
2023-03-13,12,4.3,64.0,9.0,0.7,0.0,Seco,Verano,2,276,137858.0,6324,26127,32451,10.11,3,17.0,142.0,1,1
2023-03-14,12,5.2,83.0,13.0,0.2,0.1,Lluvia ligera,Verano,1,146,65552.0,0,10294,10294,5.85,3,17.0,182.0,2,1
2023-03-15,13,4.0,61.0,29.0,0.0,0.0,Seco,Verano,1,211,115037.0,4937,20298,25235,5.59,3,17.0,42.0,2,1
2023-03-16,13,6.7,54.0,303.0,2.7,0.0,Seco,Verano,1,110,73750.0,0,11077,11077,5.326,3,26.0,182.0,2,1
2023-03-17,12,7.7,60.0,294.0,0.8,0.0,Seco,Verano,2,336,123277.0,3380,30321,33700,11.059999999999999,3,0.0,182.0,1,1
2023-03-18,13,10.4,66.0,320.0,3.4,0.0,Seco,Verano,1,132,61164.0,4048,9708,13756,5.59,3,11.0,182.0,2,1
2023-03-19,12,9.0,63.0,344.0,1.7,0.0,Seco,Verano,3,161,10031.0,3127,15519,18646,15.501999999999999,3,50.0,192.0,1,1
2023-03-19,13,9.2,56.0,304.0,3.4,0.0,Seco,Verano,1,73,114462.0,0,9172,9172,6.141,3,14.0,42.0,3,1
2023-03-21,12,21.9,48.0,305.0,2.3,0.0,Seco,Otoño,1,93,49098.0,2118,8650,10767,4.744,3,17.0,75.0,2,2
2023-03-21,14,20.9,44.0,299.0,2.4,0.0,Seco,Otoño,1,56,27534.0,995,4092,5088,3.75,3,17.0,25.0,1,2
2023-03-22,12,60.0,40.0,327.0,1.9,0.0,Seco,Otoño,1,108,56200.0,2588,10659,13247,6.141,3,17.0,100.0,1,1
2023-03-22,13,55.8,39.0,337.0,1.0,0.0,Seco,Otoño,2,386,155850.0,10671,30147,40818,10.176,3,7.0,332.0,1,1
2023-03-23,13,65.3,29.0,305.0,2.8,0.0,Seco,Otoño,1,150,73595.0,3589,14746,18335,5.326,3,17.0,42.0,1,1
2023-03-24,12,57.1,37.0,307.0,1.5,0.0,Seco,Otoño,1,127,62245.0,2975,12231,15206,3.75,3,17.0,42.0,1,1
2023-03-24,13,30.3,41.0,308.0,2.2,0.0,Seco,Otoño,1,158,77447.0,3543,14568,18111,4.742,3,17.0,25.0,1,1
2023-03-25,12,34.3,63.0,306.0,1.4,0.0,Seco,Otoño,1,194,96468.0,4371,18014,22385,5.82,3,17.0,25.0,1,2
2023-03-26,12,17.7,68.0,306.0,2.2,0.0,Seco,Otoño,1,91,38934.0,1924,7902,9826,5.82,3,7.0,182.0,1,1
2023-03-27,12,10.9,82.0,310.0,0.0,0.0,Seco,Otoño,1,89,,2139,8788,10927,4.42,3,3.0,182.0,1,1
2023-03-27,13,10.8,74.0,324.0,2.2,0.0,Seco,Otoño,2,139,119097.0,1647,16199,17846,8.64,3,24.0,224.0,1,1
2023-03-28,12,17.9,75.0,318.0,2.0,0.0,Seco,Otoño,1,102,53426.0,2457,10102,12559,5.17,3,17.0,100.0,1,1
2023-03-29,12,8.5,68.0,341.0,1.2,0.0,Seco,Otoño,1,192,96476.0,4600,18895,23495,4.64,3,17.0,25.0,1,2
2023-04-01,12,8.9,81.0,357.0,1.2,0.0,Seco,Otoño,1,208,76070.0,4535,18646,23182,5.01,4,7.0,182.0,1,1
2023-04-02,12,31.2,73.0,310.0,2.6,0.0,Seco,Otoño,1,162,81006.0,3431,14116,17547,6.06,4,17.0,42.0,1,2
2023-04-03,12,5.4,62.0,319.0,2.2,0.0,Seco,Otoño,3,279,136828.0,3997,18747,22744,14.88,4,14.0,482.0,1,1
2023-04-03,13,8.0,61.0,313.0,2.6,0.0,Seco,Otoño,1,83,,1525,6271,7796,5.17,4,3.0,42.0,2,2
2023-04-04,12,7.2,64.0,309.0,2.5,0.0,Seco,Otoño,1,139,67622.0,4646,11094,15740,4.36,4,7.0,182.0,2,1
2023-04-04,13,7.8,59.0,299.0,2.4,0.0,Seco,Otoño,1,133,57328.0,2987,12281,15269,4.87,4,17.0,25.0,1,2
2023-04-05,12,23.4,75.0,323.0,0.6,0.0,Seco,Otoño,2,191,86018.0,4072,16729,20801,9.75,4,14.0,364.0,1,1
2023-04-06,12,7.9,63.0,321.0,1.1,0.0,Seco,Otoño,1,136,65275.0,3071,12625,15696,6.01,4,7.0,182.0,2,1
2023-04-07,12,5.8,71.0,317.0,2.5,0.0,Seco,Otoño,2,233,88828.0,2829,26170,28999,9.84,4,34.0,257.0,1,1
2023-04-08,12,17.2,77.0,328.0,0.9,0.0,Seco,Otoño,2,157,68184.0,1417,14096,15514,10.466999999999999,4,43.0,224.0,1,1
2023-04-09,12,15.3,68.0,316.0,2.5,0.0,Seco,Otoño,1,140,65686.0,1512,13971,15483,6.057,4,7.0,182.0,2,1
2023-04-10,12,5.7,68.0,310.0,2.1,0.0,Seco,Otoño,1,103,51729.0,1297,11998,13295,6.204,4,7.0,182.0,2,1
2023-04-11,12,9.5,70.0,328.0,0.9,0.0,Seco,Otoño,1,83,45259.0,1015,9393,10408,5.587,4,17.0,100.0,1,1
2023-04-13,13,18.9,60.0,330.0,0.0,0.0,Seco,Otoño,1,109,58675.0,4109,9854,13963,6.071,4,7.0,182.0,1,1
2023-04-14,12,14.5,58.0,307.0,2.7,0.0,Seco,Otoño,1,95,37097.0,2882,6904,9786,5.118,4,17.0,42.0,1,1
2023-04-15,12,9.4,69.0,179.0,0.0,0.0,Seco,Otoño,1,145,79338.0,3734,15344,19078,4.838,4,17.0,75.0,1,1
2023-04-15,13,9.6,69.0,174.0,0.0,0.0,Seco,Otoño,1,94,37280.0,1733,7114,8847,4.838,4,17.0,42.0,2,1
2023-04-16,12,3.4,66.0,323.0,2.2,0.0,Seco,Otoño,1,119,52765.0,1423,13120,14543,6.204,4,17.0,42.0,1,1
2023-04-16,13,3.7,57.0,309.0,3.8,0.0,Seco,Otoño,1,241,126937.0,5951,24428,30379,5.587,4,7.0,182.0,1,1
2023-04-17,12,6.2,84.0,324.0,1.8,0.0,Seco,Otoño,1,265,90584.0,5781,23766,29547,5.896,4,7.0,150.0,1,1
2023-04-18,12,8.9,68.0,312.0,2.3,0.0,Seco,Otoño,1,70,34511.0,838,7746,8585,5.896,4,17.0,100.0,1,1
2023-04-18,14,7.9,59.0,306.0,2.1,0.0,Seco,Otoño,1,114,56097.0,4294,10299,14593,5.896,4,3.0,182.0,1,1
2023-04-19,12,10.0,72.0,291.0,1.0,0.0,Seco,Otoño,1,45,17827.0,433,4007,4441,5.613,4,17.0,75.0,1,1
2023-04-19,13,9.5,65.0,303.0,0.9,0.0,Seco,Otoño,1,146,77191.0,1659,15348,17007,5.522,4,17.0,42.0,1,2
2023-04-20,13,7.9,72.0,323.0,2.4,0.0,Seco,Otoño,2,78,39078.0,988,9136,10123,10.882000000000001,4,34.0,175.0,1,1
2023-04-21,12,6.3,95.0,36.0,0.0,3.4,Lluvia moderada,Otoño,1,108,55572.0,2530,10408,12938,3.865,4,3.0,182.0,1,1
2023-04-22,12,11.3,61.0,334.0,2.5,0.0,Seco,Otoño,2,397,199894.0,4679,19238,23916,8.742999999999999,4,6.0,364.0,1,1
2023-04-23,12,9.2,65.0,318.0,2.7,0.0,Seco,Otoño,1,527,41117.0,1207,4945,6152,4.743,4,39.0,182.0,1,1
2023-04-24,12,18.4,64.0,321.0,1.7,0.0,Seco,Otoño,3,264,96761.0,4646,19030,23677,14.843999999999998,4,67.0,546.0,1,1
2023-04-25,12,13.2,76.0,332.0,0.2,0.0,Seco,Otoño,1,190,114892.0,4258,17509,21767,5.63,4,3.0,182.0,1,1
2023-04-26,7,12.9,97.0,189.0,0.0,0.0,Seco,Otoño,1,207,98015.0,4588,18859,23447,6.206,4,3.0,182.0,2,1
2023-04-26,12,8.8,74.0,317.0,2.5,0.0,Seco,Otoño,1,119,59869.0,2760,11348,14108,4.295,4,3.0,182.0,1,1
2023-04-27,12,18.5,68.0,329.0,0.8,0.0,Seco,Otoño,1,75,35652.0,1597,6623,8221,4.349,4,26.0,182.0,1,1
2023-04-28,12,15.2,59.0,103.0,3.0,0.0,Seco,Otoño,1,81,41064.0,1886,7753,9638,4.295,4,7.0,182.0,1,1
2023-04-28,13,21.5,44.0,43.0,1.1,0.0,Seco,Otoño,1,66,33310.0,1462,6012,7473,4.295,4,17.0,75.0,1,1
2023-04-29,12,54.0,45.0,333.0,2.2,0.0,Seco,Otoño,2,187,84522.0,4176,17156,21331,9.849,4,0.0,364.0,1,1
2023-04-30,13,16.3,55.0,331.0,2.1,0.0,Seco,Otoño,1,96,40051.0,1589,6527,8115,4.295,4,17.0,42.0,1,1
2023-05-01,12,26.0,59.0,308.0,2.4,0.0,Seco,Otoño,2,301,163811.0,7148,29385,36533,12.124,5,0.0,364.0,1,1
2023-05-02,12,55.2,58.0,305.0,1.5,0.0,Seco,Otoño,1,116,71958.0,2774,11405,14179,5.603,5,3.0,182.0,2,1
2023-05-03,12,143.8,54.0,298.0,1.4,0.0,Seco,Otoño,1,134,73213.0,3166,12974,16139,4.943,5,3.0,182.0,2,1
2023-05-04,12,29.7,57.0,309.0,1.7,0.0,Seco,Otoño,3,397,206753.0,7870,38456,46325,17.532,5,0.0,332.0,1,1
2023-05-05,13,26.9,58.0,293.0,1.9,0.0,Seco,Otoño,1,160,64338.0,3611,14823,18435,4.678,5,7.0,182.0,2,2
2023-05-06,12,147.1,71.0,91.0,0.0,0.0,Seco,Otoño,1,108,59921.0,2813,11560,14373,6.176,5,3.0,182.0,2,2
2023-05-07,12,7.6,73.0,36.0,0.0,0.0,Seco,Otoño,1,110,37901.0,2674,10996,13670,4.501,5,3.0,182.0,1,2
2023-05-07,13,6.0,72.0,116.0,1.1,0.0,Seco,Otoño,1,184,67183.0,5267,12641,17908,5.458,5,7.0,182.0,2,2
2023-05-08,12,5.3,74.0,318.0,2.5,0.0,Seco,Otoño,2,133,63299.0,3052,12545,15596,12.023,5,0.0,182.0,1,1
2023-05-09,12,4.3,78.0,324.0,0.9,0.0,Seco,Otoño,1,79,45496.0,2051,8430,10480,5.883,5,3.0,182.0,2,2
2023-05-10,12,8.2,63.0,306.0,2.7,0.0,Seco,Otoño,2,200,98634.0,4531,18686,23216,10.478,5,0.0,364.0,1,1
2023-05-11,12,,62.0,9.0,1.2,0.0,Seco,Otoño,1,173,101357.0,3878,15947,19826,5.496,5,3.0,150.0,2,1
2023-05-12,12,9.0,75.0,311.0,2.5,0.0,Seco,Otoño,2,300,151955.0,7071,29074,36145,9.955,5,0.0,364.0,1,1
2023-05-13,14,34.8,53.0,290.0,1.1,0.0,Seco,Otoño,1,71,32254.0,1441,5924,7365,4.282,5,26.0,182.0,2,1
2023-05-14,12,17.7,54.0,305.0,2.3,0.0,Seco,Otoño,2,233,114567.0,5415,22265,27680,9.292000000000002,5,17.0,282.0,1,1
2023-05-15,12,16.2,54.0,307.0,2.1,0.0,Seco,Otoño,2,340,190956.0,8382,34524,42905,10.206,5,6.0,364.0,1,1
2023-05-16,12,23.3,50.0,319.0,2.1,0.0,Seco,Otoño,2,172,100900.0,3013,18789,21802,10.847000000000001,5,24.0,250.0,1,1
2023-05-17,12,24.0,57.0,309.0,2.7,0.0,Seco,Otoño,2,251,134320.0,4740,22554,27293,10.559999999999999,5,0.0,364.0,1,1
2023-05-18,12,186.2,49.0,307.0,1.9,0.0,Seco,Otoño,2,119,58878.0,1298,12401,13699,9.811,5,17.0,282.0,1,1
2023-05-19,12,23.4,55.0,359.0,0.2,0.0,Seco,Otoño,1,78,35508.0,1847,7596,9442,5.394,5,3.0,182.0,1,1
2023-05-20,7,24.6,94.0,181.0,0.0,0.0,Seco,Otoño,1,241,124114.0,5315,24997,30312,5.008,5,3.0,182.0,1,1
2023-05-22,12,28.3,51.0,300.0,1.9,0.0,Seco,Otoño,1,207,97257.0,2318,18384,20702,4.803,5,3.0,182.0,1,1
2023-05-22,13,16.0,50.0,303.0,2.8,0.0,Seco,Otoño,1,70,22815.0,1542,6339,7881,5.008,5,26.0,182.0,1,1
2023-05-23,12,23.5,51.0,314.0,2.0,0.0,Seco,Otoño,2,302,162021.0,10831,25980,36810,8.011,5,20.0,282.0,1,1
2023-05-24,13,9.3,75.0,109.0,0.2,0.0,Seco,Otoño,1,145,69817.0,4762,11421,16183,5.168,5,17.0,42.0,1,1
2023-05-25,12,6.0,70.0,359.0,0.0,0.0,Seco,Otoño,1,85,31699.0,1895,7789,9684,4.282,5,17.0,42.0,1,1
2023-05-25,13,5.6,68.0,331.0,1.2,0.0,Seco,Otoño,1,111,49025.0,3578,8586,12165,5.394,5,17.0,42.0,1,1
2023-05-26,13,4.5,68.0,309.0,0.0,0.0,Seco,Otoño,1,82,33504.0,1690,6945,8636,4.803,5,17.0,42.0,1,1
2023-05-27,12,,69.0,111.0,0.7,0.0,Seco,Otoño,2,330,177309.0,9042,25169,34211,8.564,5,17.0,182.0,1,1
2023-05-28,12,13.6,77.0,319.0,0.8,0.0,Seco,Otoño,3,275,131817.0,6440,26484,32923,17.018,5,17.0,364.0,1,1
2023-05-29,12,10.1,72.0,118.0,0.2,0.0,Seco,Otoño,2,176,88589.0,4347,17869,22216,8.751,5,17.0,182.0,1,1
2023-05-30,12,10.8,70.0,343.0,0.4,0.0,Seco,Otoño,1,143,42164.0,2835,11587,14422,5.39,5,17.0,25.0,1,2
2023-05-30,13,10.4,63.0,284.0,1.1,0.0,Seco,Otoño,2,250,125432.0,7497,24441,31939,9.559000000000001,5,17.0,182.0,1,1
2023-05-31,12,16.9,69.0,1.0,0.9,0.0,Seco,Otoño,2,155,77927.0,4065,16718,20783,8.824,5,0.0,364.0,1,1
2023-06-01,12,38.5,37.0,98.0,3.6,0.0,Seco,Otoño,1,92,43411.0,2376,9761,12137,5.149,6,3.0,182.0,2,2
2023-06-01,13,30.2,24.0,98.0,3.8,0.0,Seco,Otoño,1,220,86183.0,5710,23473,29183,3.948,6,3.0,182.0,2,2
2023-06-03,13,49.7,53.0,330.0,1.2,0.0,Seco,Otoño,1,264,94121.0,8053,19302,27355,5.49,6,7.0,150.0,1,1
2023-06-04,12,30.7,50.0,307.0,2.6,0.0,Seco,Otoño,1,100,54645.0,2437,10021,12458,3.948,6,26.0,182.0,1,1
2023-06-05,12,61.1,42.0,311.0,2.8,0.0,Seco,Otoño,1,54,17885.0,1090,4476,5566,4.797,6,17.0,100.0,1,1
2023-06-05,13,113.0,35.0,307.0,1.1,0.0,Seco,Otoño,1,60,32944.0,1333,5475,6807,4.139,6,26.0,182.0,2,1
2023-06-06,12,42.6,49.0,306.0,3.2,0.0,Seco,Otoño,1,69,35458.0,1724,7081,8805,3.948,6,17.0,75.0,1,2
2023-06-07,13,41.9,52.0,290.0,0.8,0.0,Seco,Otoño,2,69,34372.0,2548,6113,8661,8.568,6,17.0,575.0,1,1
2023-06-07,14,119.4,47.0,298.0,1.9,0.0,Seco,Otoño,1,18,9320.0,628,1505,2133,4.797,6,17.0,100.0,1,1
2023-06-09,7,29.6,95.0,176.0,0.0,0.0,Seco,Otoño,1,206,123101.0,5019,20668,25688,4.715,6,10.0,182.0,1,1
2023-06-09,12,29.6,59.0,19.0,0.3,0.0,Seco,Otoño,1,63,40066.0,2504,6008,8512,4.715,6,17.0,100.0,1,1
2023-06-10,7,29.6,89.0,169.0,0.0,0.0,Seco,Otoño,1,85,44636.0,2083,8561,10644,6.23,6,7.0,150.0,1,1
2023-06-11,12,29.6,60.0,315.0,2.7,0.0,Seco,Otoño,2,170,82079.0,4722,15510,20232,9.915,6,20.0,224.0,1,1
2023-06-12,12,,62.0,331.0,1.5,0.0,Seco,Otoño,2,369,144088.0,7362,30235,37598,10.985,6,20.0,224.0,1,1
2023-06-13,12,,66.0,112.0,0.2,1.0,Lluvia ligera,Otoño,1,96,59175.0,2177,8971,11148,4.797,6,17.0,42.0,1,2
2023-06-14,7,,92.0,180.0,0.0,0.0,Seco,Otoño,2,131,53298.0,1866,7634,9499,9.81,6,34.0,75.0,1,1
2023-06-15,7,,98.0,294.0,0.0,0.0,Seco,Otoño,1,49,30221.0,1319,5422,6741,5.2,6,17.0,42.0,1,2
2023-06-15,13,,72.0,320.0,0.9,0.0,Seco,Otoño,2,188,83358.0,5602,13561,19163,9.156,6,34.0,84.0,1,1
2023-06-16,13,,61.0,341.0,0.4,0.0,Seco,Otoño,1,75,37210.0,2311,5550,7861,4.61,6,26.0,182.0,3,2
2023-06-16,14,,58.0,287.0,1.6,0.0,Seco,Otoño,1,29,,0,1953,1953,4.797,6,26.0,182.0,1,1
2023-06-17,12,,64.0,12.0,0.7,0.0,Seco,Otoño,2,106,52313.0,3019,9222,12241,10.722000000000001,6,34.0,100.0,1,1
2023-06-17,14,,41.0,116.0,3.1,0.0,Seco,Otoño,1,49,28181.0,1627,3916,5542,4.203,6,17.0,100.0,1,1
2023-06-18,12,,48.0,317.0,3.3,0.0,Seco,Otoño,2,240,140899.0,7858,24963,32821,10.599,6,34.0,42.0,1,1
2023-06-19,12,,47.0,323.0,1.6,0.0,Seco,Otoño,1,69,26234.0,1616,3879,5495,4.127,6,26.0,182.0,1,1
2023-06-19,13,,38.0,307.0,2.2,0.0,Seco,Otoño,1,49,19655.0,1380,3357,4737,6.188,6,17.0,75.0,1,2
2023-06-20,12,117.4,43.0,246.0,0.0,0.0,Seco,Otoño,2,109,50390.0,3206,7685,10890,11.388,6,43.0,282.0,1,1
2023-06-21,12,,40.0,321.0,2.7,0.0,Seco,Invierno,1,79,40231.0,2043,8366,10410,4.127,6,3.0,182.0,1,1
2023-06-22,12,,41.0,310.0,2.1,0.0,Seco,Invierno,2,286,136627.0,6652,27343,33995,10.985,6,24.0,182.0,1,1
2023-06-22,13,,32.0,316.0,2.4,0.0,Seco,Invierno,1,126,62455.0,2838,11727,14565,4.127,6,3.0,182.0,1,1
2023-06-23,12,,46.0,328.0,1.7,0.0,Seco,Invierno,1,116,52329.0,2326,9567,11894,5.2,6,26.0,182.0,1,1
2023-06-24,12,,47.0,313.0,2.9,0.0,Seco,Invierno,1,73,36572.0,1478,5989,7467,6.188,6,17.0,75.0,1,2
2023-06-24,13,,42.0,334.0,1.5,0.0,Seco,Invierno,1,126,56927.0,4342,10346,14688,5.2,6,26.0,182.0,1,1
2023-06-25,12,,38.0,345.0,1.4,0.0,Seco,Invierno,1,54,23394.0,2058,4939,6997,5.369,6,3.0,182.0,1,1
2023-06-25,13,,31.0,41.0,0.9,0.0,Seco,Invierno,1,119,51172.0,2467,10142,12610,6.188,6,17.0,100.0,1,1
2023-06-26,12,,35.0,96.0,3.2,0.0,Seco,Invierno,1,149,53252.0,4881,11707,16588,5.2,6,3.0,182.0,1,1
2023-06-27,13,21.1,34.0,318.0,3.1,0.0,Seco,Invierno,1,111,50118.0,1361,5585,6946,4.747,6,3.0,182.0,1,1
2023-06-28,12,24.5,43.0,336.0,1.9,0.0,Seco,Invierno,2,247,111367.0,4478,18400,22877,10.023,6,6.0,364.0,1,1
2023-06-29,12,154.2,47.0,122.0,2.2,0.0,Seco,Invierno,2,221,82773.0,7087,16879,23966,9.171,6,17.0,225.0,1,1
2023-06-30,12,50.2,46.0,313.0,2.2,0.0,Seco,Invierno,2,289,136181.0,8909,21295,30203,9.059999999999999,6,34.0,75.0,1,1
2023-07-01,12,24.4,43.0,320.0,3.0,0.0,Seco,Invierno,2,232,116803.0,7275,17502,24776,8.789000000000001,7,17.0,42.0,1,1
2023-07-02,12,24.2,36.0,328.0,2.3,0.0,Seco,Invierno,3,299,145221.0,7414,25245,32659,15.704,7,51.0,0.0,1,1
2023-07-04,7,218.9,75.0,193.0,0.0,0.0,Seco,Invierno,1,161,90345.0,5917,14195,20112,4.78,7,17.0,42.0,1,2
2023-07-04,12,25.3,42.0,313.0,2.7,0.0,Seco,Invierno,1,91,,1372,5693,7065,5.359,7,10.0,150.0,2,2
2023-07-04,13,23.5,34.0,325.0,2.1,0.0,Seco,Invierno,1,79,62871.0,1495,6201,7697,5.306,7,17.0,42.0,1,2
2023-07-05,12,106.3,37.0,313.0,2.6,0.0,Seco,Invierno,1,136,70030.0,4946,11869,16814,4.137,7,3.0,182.0,2,2
2023-07-06,7,87.7,77.0,194.0,0.0,0.0,Seco,Invierno,1,80,41239.0,2765,6696,9461,5.306,7,17.0,75.0,1,2
2023-07-06,12,25.1,43.0,11.0,0.4,0.0,Seco,Invierno,2,112,58553.0,4119,9890,14009,9.234,7,24.0,250.0,1,1
2023-07-07,7,81.8,79.0,203.0,0.0,0.0,Seco,Invierno,1,91,48669.0,3186,7638,10824,5.48,7,3.0,182.0,1,1
2023-07-08,7,26.9,82.0,174.0,0.0,0.0,Seco,Invierno,1,114,42569.0,3121,7452,10574,5.067,7,7.0,150.0,1,1
2023-07-08,13,30.4,46.0,309.0,1.0,0.0,Seco,Invierno,1,132,63849.0,4333,10382,14715,6.048,7,7.0,150.0,1,1
2023-07-08,16,74.8,32.0,305.0,1.8,0.0,Seco,Invierno,1,156,85076.0,5588,13346,18934,5.066,7,3.0,182.0,1,1
2023-07-10,7,45.7,88.0,181.0,0.0,0.0,Seco,Invierno,2,247,139251.0,5969,18498,24467,9.733,7,20.0,182.0,1,1
2023-07-11,7,25.1,87.0,165.0,0.0,0.0,Seco,Invierno,1,111,59957.0,4074,9766,13840,5.78,7,3.0,182.0,1,1
2023-07-12,7,159.4,79.0,184.0,0.0,0.0,Seco,Invierno,1,67,28585.0,2391,5720,8111,5.297,7,17.0,100.0,1,1
2023-07-12,12,26.3,46.0,312.0,2.6,0.0,Seco,Invierno,3,344,161080.0,9449,29006,38453,18.317,7,23.0,439.0,1,1
2023-07-14,7,49.5,77.0,170.0,0.0,0.0,Seco,Invierno,1,165,77182.0,4938,11851,16789,6.064,7,17.0,25.0,1,2
2023-07-14,12,34.4,41.0,318.0,3.3,0.0,Seco,Invierno,1,95,60430.0,2965,7183,10149,5.48,7,7.0,182.0,1,1
2023-07-15,8,36.9,77.0,138.0,0.0,0.0,Seco,Invierno,1,98,41217.0,2845,6875,9720,4.106,7,3.0,182.0,1,1
2023-07-16,12,44.6,60.0,70.0,0.0,0.0,Seco,Invierno,1,122,56263.0,3716,8912,12628,5.669,7,26.0,182.0,1,1
2023-07-17,7,39.7,86.0,162.0,0.0,0.0,Seco,Invierno,2,131,61608.0,4064,9757,13821,7.751,7,20.0,257.0,1,1
2023-07-18,7,8.9,84.0,161.0,0.0,0.0,Seco,Invierno,1,127,62782.0,5300,12713,18013,4.53,7,3.0,182.0,1,1
2023-07-18,12,60.1,45.0,135.0,1.4,0.0,Seco,Invierno,1,19,7065.0,530,1271,1801,4.53,7,13.0,182.0,2,1
2023-07-20,12,51.5,39.0,116.0,1.7,0.0,Seco,Invierno,1,73,32973.0,2294,5506,7800,4.53,7,3.0,182.0,1,1
2023-07-21,12,50.6,39.0,102.0,3.5,0.0,Seco,Invierno,2,248,127381.0,7440,17932,25371,11.02,7,34.0,0.0,1,1
2023-07-22,13,23.5,38.0,312.0,2.1,0.0,Seco,Invierno,2,158,60061.0,3994,12103,16097,6.734,7,0.0,0.0,1,1
2023-07-23,7,,81.0,166.0,0.0,0.0,Seco,Invierno,1,115,66739.0,4441,10641,15082,5.2,7,3.0,182.0,2,1
2023-07-24,7,14.1,68.0,170.0,0.0,0.0,Seco,Invierno,1,118,69771.0,4688,11235,15922,6.064,7,3.0,182.0,2,1
2023-07-24,12,49.1,36.0,313.0,3.1,0.0,Seco,Invierno,1,186,93287.0,6012,14478,20490,4.477,7,17.0,25.0,1,2
2023-07-26,7,79.0,75.0,170.0,0.0,0.0,Seco,Invierno,2,191,92292.0,4352,10497,14849,11.288,7,43.0,42.0,1,1
2023-07-26,12,24.2,39.0,314.0,2.6,0.0,Seco,Invierno,3,250,97881.0,4888,22125,27012,16.664,7,41.0,257.0,1,1
2023-07-28,7,29.6,78.0,187.0,0.0,0.0,Seco,Invierno,1,69,39897.0,2709,6499,9208,5.644,7,3.0,182.0,1,1
2023-07-29,12,53.8,41.0,107.0,2.7,0.0,Seco,Invierno,2,281,125711.0,8942,21375,30317,10.271,7,0.0,332.0,1,1
2023-07-30,12,16.8,49.0,308.0,2.0,0.0,Seco,Invierno,2,254,124295.0,7897,18983,26880,11.328,7,17.0,225.0,1,1
2023-07-31,13,70.4,20.0,143.0,2.5,0.0,Seco,Invierno,1,196,87408.0,2877,11871,14748,5.816,7,17.0,65.0,1,1
2023-08-01,12,46.0,16.0,116.0,4.3,0.0,Seco,Invierno,1,50,27922.0,1942,4645,6588,5.818,8,3.0,182.0,2,1
2023-08-02,7,42.9,59.0,174.0,0.0,0.0,Seco,Invierno,1,156,75331.0,3396,14035,17431,5.196,8,17.0,42.0,1,3
2023-08-02,12,78.5,24.0,317.0,3.1,0.0,Seco,Invierno,1,162,,5469,13118,18587,5.215,8,8.0,150.0,1,1
2023-08-02,14,91.0,18.0,96.0,1.8,0.0,Seco,Invierno,1,101,95282.0,3001,7196,10197,4.416,8,3.0,182.0,1,1
2023-08-03,7,31.3,71.0,168.0,0.0,0.0,Seco,Invierno,1,81,48516.0,2915,6990,9905,5.215,8,7.0,150.0,1,1
2023-08-03,13,40.3,30.0,316.0,2.7,0.0,Seco,Invierno,1,100,53465.0,3315,7968,11283,5.937,8,3.0,182.0,2,1
2023-08-04,12,36.2,40.0,315.0,2.4,0.0,Seco,Invierno,1,157,64620.0,1656,15394,17050,4.911,8,7.0,150.0,1,1
2023-08-05,12,55.0,38.0,314.0,3.7,0.0,Seco,Invierno,1,133,63697.0,1394,12983,14377,5.388,8,7.0,150.0,1,1
2023-08-07,7,37.4,81.0,184.0,0.0,0.0,Seco,Invierno,2,253,125353.0,2792,25833,28624,8.026,8,24.0,150.0,1,1
2023-08-07,12,69.3,44.0,315.0,1.7,0.0,Seco,Invierno,1,56,21481.0,493,4562,5055,5.937,8,17.0,100.0,1,1
2023-08-08,12,61.6,39.0,112.0,2.8,0.0,Seco,Invierno,1,117,64685.0,1252,11655,12907,4.265,8,17.0,100.0,1,1
2023-08-09,7,22.8,73.0,170.0,0.0,0.0,Seco,Invierno,1,103,51192.0,1091,10088,11180,4.494,8,17.0,42.0,1,1
2023-08-09,13,60.1,32.0,111.0,4.4,0.0,Seco,Invierno,1,28,9463.0,330,3050,3380,3.761,8,17.0,100.0,1,1
2023-08-10,7,78.8,83.0,158.0,0.0,0.0,Seco,Invierno,1,93,50253.0,1080,10072,11152,3.975,8,17.0,42.0,1,2
2023-08-10,12,26.8,40.0,345.0,1.6,0.0,Seco,Invierno,1,56,34607.0,755,6984,7739,3.943,8,17.0,42.0,1,1
2023-08-10,13,85.0,32.0,6.0,1.9,0.0,Seco,Invierno,1,52,28504.0,611,5647,6257,5.78,8,17.0,42.0,1,1
2023-08-12,13,52.1,44.0,305.0,3.1,0.0,Seco,Invierno,1,96,49802.0,1043,9659,10702,5.657,8,3.0,105.0,1,1
2023-08-13,12,23.3,51.0,301.0,2.7,0.0,Seco,Invierno,3,352,159167.0,4085,37973,42058,16.53,8,37.0,262.0,1,1
2023-08-13,13,22.4,48.0,301.0,3.3,0.0,Seco,Invierno,1,74,42619.0,888,8299,9187,5.657,8,3.0,120.0,1,1
2023-08-14,7,23.7,95.0,151.0,0.0,0.0,Seco,Invierno,1,55,35029.0,754,6978,7731,4.416,8,3.0,120.0,1,1
2023-08-15,7,11.3,98.0,154.0,0.0,0.0,Seco,Invierno,1,106,41607.0,2103,8652,10755,5.657,8,3.0,90.0,1,1
2023-08-15,13,11.3,57.0,320.0,2.1,0.0,Seco,Invierno,1,85,53717.0,3261,7822,11083,5.533,8,3.0,182.0,1,1
2023-08-16,12,11.3,43.0,308.0,2.8,0.0,Seco,Invierno,1,136,81278.0,5407,12965,18372,4.416,8,3.0,182.0,1,1
2023-08-17,12,11.3,47.0,315.0,3.1,0.0,Seco,Invierno,1,70,44084.0,2748,6590,9337,5.426,8,17.0,65.0,1,2
2023-08-18,12,11.3,44.0,319.0,3.0,0.0,Seco,Invierno,1,77,41939.0,2480,5947,8427,4.778,8,17.0,100.0,1,1
2023-08-20,12,6.7,34.0,315.0,2.6,0.0,Seco,Invierno,2,132,67988.0,3976,10855,14831,10.852,8,34.0,84.0,1,1
2023-08-21,12,48.4,34.0,313.0,2.9,0.0,Seco,Invierno,4,258,126336.0,8756,20991,29746,21.955999999999996,8,68.0,191.0,1,1
2023-08-23,12,35.4,26.0,118.0,1.9,0.0,Seco,Invierno,4,283,156663.0,9055,21740,30794,22.04,8,68.0,307.0,1,1
2023-08-25,12,60.2,40.0,309.0,3.0,0.0,Seco,Invierno,1,117,63256.0,4358,10451,14809,5.426,8,17.0,65.0,1,2
2023-08-26,9,36.7,72.0,355.0,0.0,0.0,Seco,Invierno,2,191,93972.0,2233,20647,22880,11.34,8,34.0,100.0,1,1
2023-08-27,9,33.0,76.0,96.0,0.0,0.0,Seco,Invierno,2,163,88578.0,1663,15371,17034,10.45,8,34.0,142.0,1,1
2023-08-29,9,18.4,73.0,103.0,1.4,0.0,Seco,Invierno,1,131,85486.0,1620,14992,16611,4.625,8,17.0,42.0,1,2
2023-08-29,13,126.8,33.0,316.0,2.8,0.0,Seco,Invierno,1,76,46952.0,1044,9662,10707,5.906,8,3.0,182.0,1,1
2023-08-30,12,187.8,38.0,333.0,2.4,0.0,Seco,Invierno,1,210,108374.0,2412,22239,24651,5.51,8,3.0,182.0,1,1
2023-08-30,13,234.7,31.0,5.0,1.5,0.0,Seco,Invierno,1,70,26418.0,573,5290,5863,4.022,8,17.0,42.0,1,2
2023-08-31,9,28.4,74.0,145.0,0.0,0.0,Seco,Invierno,1,130,74907.0,1627,15052,16679,5.942,8,3.0,182.0,1,1
2023-09-01,9,22.0,66.0,169.0,0.0,0.0,Seco,Invierno,1,37,22729.0,476,4408,4884,5.636,9,17.0,65.0,1,1
2023-09-02,12,30.0,46.0,94.0,1.1,0.0,Seco,Invierno,2,184,86629.0,2100,19465,21566,11.393,9,34.0,130.0,1,1
2023-09-02,13,30.3,39.0,301.0,2.4,0.0,Seco,Invierno,1,28,15267.0,352,3252,3603,5.942,9,17.0,65.0,1,1
2023-09-03,12,24.2,40.0,331.0,2.3,0.0,Seco,Invierno,1,119,56464.0,1325,12260,13585,4.512,9,17.0,65.0,1,1
2023-09-04,7,19.8,88.0,139.0,0.0,0.0,Seco,Invierno,1,89,39619.0,1016,9319,10335,5.702,9,17.0,42.0,1,2
2023-09-04,12,22.1,55.0,308.0,0.9,0.0,Seco,Invierno,1,139,72301.0,1435,13270,14705,5.458,9,17.0,42.0,1,2
2023-09-05,7,17.3,77.0,157.0,0.0,0.0,Seco,Invierno,1,107,58640.0,1313,12156,13469,4.512,9,3.0,182.0,1,1
2023-09-06,12,108.9,33.0,116.0,3.1,0.0,Seco,Invierno,1,113,46926.0,562,5195,5757,5.362,9,17.0,42.0,1,1
2023-09-07,9,25.9,72.0,103.0,0.0,0.0,Seco,Invierno,1,70,40529.0,2530,6034,8564,5.702,9,3.0,182.0,2,1
2023-09-07,13,44.0,34.0,242.0,0.9,0.0,Seco,Invierno,1,115,68350.0,4362,10462,14824,5.942,9,3.0,125.0,1,1
2023-09-08,7,32.0,78.0,254.0,0.0,0.0,Seco,Invierno,1,129,57202.0,4443,10611,15054,5.286,9,17.0,42.0,1,1
2023-09-08,13,43.2,39.0,311.0,3.2,0.0,Seco,Invierno,1,80,50538.0,3175,7600,10775,5.942,9,3.0,115.0,1,1
2023-09-09,12,94.6,30.0,148.0,1.5,0.0,Seco,Invierno,3,183,108136.0,7181,17218,24399,15.879999999999999,9,27.0,339.0,1,1
2023-09-10,12,170.4,29.0,119.0,2.6,0.0,Seco,Invierno,2,358,161462.0,8246,25432,33678,9.937999999999999,9,34.0,67.0,1,1
2023-09-10,13,102.2,26.0,145.0,3.2,0.0,Seco,Invierno,1,146,64773.0,4014,9695,13710,4.512,9,7.0,182.0,1,1
2023-09-11,12,86.0,27.0,115.0,3.3,0.0,Seco,Invierno,1,120,61979.0,4426,10624,15050,4.512,9,7.0,182.0,1,1
2023-09-11,13,53.9,26.0,112.0,3.7,0.0,Seco,Invierno,1,81,47171.0,2830,6796,9626,4.512,9,17.0,42.0,1,1
2023-09-12,9,39.2,68.0,111.0,1.9,0.0,Seco,Invierno,1,73,42481.0,2977,7139,10116,5.673,9,3.0,115.0,1,1
2023-09-14,12,34.0,51.0,317.0,1.0,0.0,Seco,Invierno,1,122,69544.0,4326,10337,14663,5.355,9,17.0,65.0,1,2
2023-09-15,12,32.3,46.0,302.0,2.1,0.0,Seco,Invierno,3,171,74822.0,5017,12068,17085,16.341,9,27.0,403.0,1,1
2023-09-16,12,17.2,49.0,299.0,2.9,0.0,Seco,Invierno,2,200,88349.0,6425,15415,21840,11.376,9,34.0,42.0,1,1
2023-09-17,12,30.2,48.0,308.0,1.4,0.0,Seco,Invierno,1,61,34105.0,2650,6358,9008,5.076,9,3.0,182.0,1,1
2023-09-17,13,43.9,41.0,300.0,2.9,0.0,Seco,Invierno,1,96,42510.0,3022,7183,10206,4.383,9,17.0,100.0,1,1
2023-09-18,12,46.4,35.0,315.0,2.1,0.0,Seco,Invierno,1,46,28855.0,2005,4800,6805,5.452,9,14.0,42.0,1,1
2023-09-18,13,52.2,28.0,303.0,1.8,0.0,Seco,Invierno,1,107,62644.0,4399,10543,14942,5.689,9,17.0,42.0,1,1
2023-09-20,9,,65.0,105.0,0.0,0.0,Seco,Invierno,1,58,33599.0,2677,4512,7189,5.076,9,17.0,65.0,1,1
2023-09-20,13,,42.0,305.0,2.5,0.0,Seco,Invierno,1,38,17660.0,1448,3472,4920,5.689,9,17.0,100.0,1,1
2023-09-21,12,,42.0,84.0,1.1,0.0,Seco,Invierno,1,138,76718.0,5042,12087,17129,5.076,9,3.0,182.0,2,1
2023-09-21,13,,40.0,111.0,2.4,0.0,Seco,Invierno,1,48,14241.0,866,2077,2943,4.11,9,17.0,65.0,1,1
2023-09-22,12,,33.0,119.0,3.5,0.0,Seco,Invierno,1,84,36300.0,2427,5880,8307,5.321,9,17.0,100.0,1,1
2023-09-22,13,,31.0,115.0,4.5,0.0,Seco,Invierno,1,33,17795.0,1362,3265,4627,5.076,9,17.0,65.0,1,1
2023-09-23,12,,40.0,107.0,2.9,0.0,Seco,Primavera,1,95,54078.0,2410,9904,12314,5.636,9,3.0,182.0,2,1
2023-09-24,12,132.4,34.0,121.0,2.4,0.0,Seco,Primavera,1,54,,1461,6009,7470,5.524,9,3.0,182.0,2,1
2023-09-24,13,132.4,34.0,109.0,4.9,0.0,Seco,Primavera,1,83,79800.0,2213,9097,11309,5.524,9,17.0,100.0,1,1
2023-09-26,12,,39.0,307.0,3.4,0.0,Seco,Primavera,4,322,173845.0,7240,29841,37081,22.174999999999997,9,34.0,564.0,1,1
2023-09-27,12,,45.0,311.0,2.4,0.0,Seco,Primavera,1,47,17651.0,1131,2738,3868,5.888,9,17.0,65.0,1,1
2023-09-27,13,,40.0,333.0,1.3,0.0,Seco,Primavera,1,100,45895.0,3101,7380,10481,4.504,9,17.0,100.0,1,1
2023-09-28,12,,43.0,340.0,1.3,0.0,Seco,Primavera,2,167,83980.0,4167,11285,15452,11.26,9,34.0,165.0,1,1
2023-09-28,13,,33.0,336.0,2.8,0.0,Seco,Primavera,1,96,59271.0,3753,8986,12739,5.006,9,17.0,65.0,1,2
2023-09-29,12,,53.0,299.0,2.4,0.0,Seco,Primavera,1,40,16551.0,1148,2753,3900,4.613,9,17.0,100.0,1,1
2023-09-29,13,,50.0,309.0,3.0,0.0,Seco,Primavera,1,109,51450.0,3677,8873,12550,5.006,9,3.0,182.0,2,2
2023-09-30,12,,51.0,106.0,2.1,0.0,Seco,Primavera,4,211,121695.0,7668,18316,25985,20.878999999999998,9,20.0,282.0,1,1
2023-10-01,13,,46.0,304.0,2.2,0.0,Seco,Primavera,1,89,43284.0,2576,6248,8823,5.07,10,17.0,100.0,1,1
2023-10-02,12,,43.0,303.0,3.2,0.0,Seco,Primavera,3,145,74512.0,4804,11520,16323,16.266,10,23.0,430.0,1,1
2023-10-03,7,,98.0,171.0,0.0,0.0,Seco,Primavera,1,158,75490.0,3206,13144,16351,6.476,10,17.0,65.0,1,2
2023-10-03,12,,87.0,63.0,0.1,8.5,Lluvia moderada,Primavera,2,95,43717.0,2751,6565,9317,11.26,10,34.0,165.0,1,1
2023-10-04,12,,64.0,322.0,1.1,0.0,Seco,Primavera,2,72,33141.0,1684,5356,7041,11.26,10,34.0,107.0,1,1
2023-10-04,13,,59.0,309.0,2.6,0.0,Seco,Primavera,1,143,66388.0,4635,11051,15686,3.971,10,17.0,65.0,1,2
2023-10-05,12,,57.0,299.0,2.1,0.0,Seco,Primavera,1,48,14789.0,1234,2961,4195,3.971,10,17.0,100.0,1,1
2023-10-06,12,,51.0,319.0,2.6,0.0,Seco,Primavera,1,149,62355.0,5130,12351,17481,5.63,10,3.0,115.0,1,1
2023-10-06,13,,44.0,306.0,2.7,0.0,Seco,Primavera,3,215,93676.0,7259,17358,24617,12.396,10,37.0,247.0,1,1
2023-10-07,12,,57.0,329.0,1.0,0.0,Seco,Primavera,2,242,112442.0,7289,17592,24882,11.315999999999999,10,34.0,65.0,1,1
2023-10-08,12,,56.0,302.0,2.2,0.0,Seco,Primavera,2,109,51897.0,3947,9402,13350,9.624,10,34.0,142.0,1,1
2023-10-09,12,,80.0,323.0,0.0,0.0,Seco,Primavera,2,162,78126.0,5346,12780,18127,11.516,10,34.0,142.0,1,1
2023-10-10,12,,73.0,345.0,0.6,0.0,Seco,Primavera,1,122,62513.0,5076,12171,17247,4.903,10,17.0,42.0,1,2
2023-10-11,12,,61.0,318.0,1.7,0.0,Seco,Primavera,2,173,71288.0,6086,14579,20665,10.714,10,17.0,115.0,1,1
2023-10-12,13,,34.0,111.0,4.4,0.0,Seco,Primavera,2,185,76221.0,6500,15587,22087,9.844000000000001,10,20.0,115.0,1,1
2023-10-13,12,,34.0,94.0,2.3,0.0,Seco,Primavera,2,147,70841.0,5282,12645,17928,10.111,10,34.0,0.0,1,1
2023-10-14,7,,98.0,136.0,0.0,0.0,Seco,Primavera,1,30,53740.0,863,2069,2931,4.903,10,17.0,25.0,1,2
2023-10-14,14,,50.0,112.0,2.5,0.0,Seco,Primavera,2,190,52248.0,6948,16546,23494,10.768,10,34.0,0.0,1,1
2023-10-15,12,,61.0,317.0,2.5,0.0,Seco,Primavera,1,108,45600.0,3767,9044,12811,3.437,10,17.0,65.0,1,1
2023-10-16,7,,89.0,199.0,0.0,0.0,Seco,Primavera,2,112,64774.0,4748,11400,16147,8.747,10,34.0,142.0,1,1
2023-10-16,12,,53.0,311.0,2.1,0.0,Seco,Primavera,1,78,39936.0,3146,7564,10710,3.437,10,17.0,42.0,1,2
2023-10-17,12,,50.0,306.0,2.2,0.0,Seco,Primavera,2,126,66151.0,5338,12796,18134,6.874,10,34.0,65.0,1,1
2023-10-18,7,,83.0,168.0,0.0,0.0,Seco,Primavera,1,58,27964.0,1846,4362,6208,5.788,10,17.0,65.0,1,1
2023-10-18,12,,63.0,176.0,0.1,0.0,Seco,Primavera,1,26,,997,2399,3395,3.437,10,3.0,115.0,1,2
2023-10-18,14,,51.0,303.0,2.1,0.0,Seco,Primavera,1,23,26103.0,0,2741,2741,3.437,10,3.0,115.0,1,2
2023-10-19,12,,44.0,358.0,0.3,0.0,Seco,Primavera,3,96,55255.0,3440,8247,11687,16.875,10,24.0,150.0,1,1
2023-10-19,13,,40.0,47.0,0.3,0.0,Seco,Primavera,1,84,41522.0,2925,7093,10018,5.788,10,17.0,65.0,1,2
2023-10-20,7,,79.0,135.0,0.0,0.0,Seco,Primavera,1,70,38592.0,2251,5400,7651,6.08,10,7.0,182.0,2,1
2023-10-20,12,,38.0,143.0,0.8,0.0,Seco,Primavera,2,204,95526.0,5426,19282,24708,11.26,10,34.0,65.0,1,1
2023-10-21,12,,65.0,347.0,0.0,0.0,Seco,Primavera,1,89,54510.0,3889,9327,13217,6.0882,10,17.0,100.0,1,1
2023-10-21,13,,54.0,170.0,0.0,0.0,Seco,Primavera,1,51,33045.0,1988,4718,6706,5.615,10,3.0,182.0,1,1
2023-10-22,7,,89.0,156.0,0.0,0.0,Seco,Primavera,1,115,60762.0,4121,9891,14013,5.788,10,17.0,65.0,1,1
2023-10-22,12,,33.0,115.0,3.2,0.0,Seco,Primavera,2,212,96238.0,4521,18484,23005,11.26,10,34.0,65.0,1,1
2023-10-22,13,,35.0,110.0,4.0,0.0,Seco,Primavera,1,38,27080.0,1649,3954,5602,4.719,10,3.0,182.0,2,1
2023-10-23,7,,83.0,171.0,0.0,0.0,Seco,Primavera,1,52,32598.0,2241,5374,7615,4.719,10,17.0,65.0,1,1
2023-10-23,13,,36.0,83.0,1.1,0.0,Seco,Primavera,1,124,65756.0,4158,9972,14130,5.811,10,3.0,182.0,1,1
2023-10-24,12,,47.0,309.0,2.7,0.0,Seco,Primavera,2,168,75333.0,4885,11731,16616,11.599,10,20.0,247.0,1,1
2023-10-25,12,,54.0,313.0,1.9,0.0,Seco,Primavera,1,129,65072.0,4230,10146,14376,4.719,10,17.0,42.0,1,1
2023-10-26,7,,98.0,208.0,0.0,0.0,Seco,Primavera,1,63,18953.0,1288,3057,4344,5.121,10,17.0,65.0,1,1
2023-10-26,12,,81.0,45.0,0.0,0.0,Seco,Primavera,1,170,78349.0,5334,12785,18119,4.816,10,17.0,65.0,1,1
2023-10-27,12,,67.0,110.0,0.0,0.0,Seco,Primavera,1,116,68616.0,4399,10509,14907,5.121,10,17.0,65.0,1,1
2023-10-27,13,,0.0,0.0,0.0,0.0,Seco,Primavera,1,97,33577.0,2035,4874,6910,4.719,10,17.0,100.0,1,1
2023-10-28,7,,89.0,172.0,0.0,0.0,Seco,Primavera,1,147,82031.0,5382,12879,18261,6.036,10,17.0,42.0,1,1
2023-10-29,12,,47.0,3.0,1.8,0.0,Seco,Primavera,1,184,97813.0,6876,16493,23369,4.943,10,17.0,65.0,1,1
2023-10-30,7,,77.0,164.0,0.0,0.0,Seco,Primavera,2,241,112552.0,7497,17881,25378,11.925999999999998,10,20.0,215.0,1,1
2023-10-31,12,,54.0,125.0,0.0,0.0,Seco,Primavera,1,81,34017.0,2628,6357,8986,6.305,10,3.0,182.0,1,1
2023-11-01,12,,44.0,325.0,2.0,0.0,Seco,Primavera,2,211,105902.0,5418,16256,21674,11.26,11,34.0,130.0,1,1
2023-11-02,7,,69.0,169.0,0.0,0.0,Seco,Primavera,2,75,29605.0,2391,5736,8128,11.427,11,3.0,230.0,1,1
2023-11-02,12,,42.0,333.0,0.5,0.0,Seco,Primavera,2,142,66819.0,4783,11418,16201,11.26,11,20.0,282.0,1,1
2023-11-04,7,,90.0,170.0,0.0,0.0,Seco,Primavera,1,150,69624.0,5163,12353,17517,5.786,11,3.0,115.0,1,1
2023-11-04,12,,72.0,340.0,1.0,0.1,Lluvia ligera,Primavera,2,248,79226.0,6194,17749,23941,11.26,11,34.0,0.0,1,1
2023-11-05,12,,81.0,316.0,1.0,0.0,Seco,Primavera,1,173,96459.0,6799,16268,23067,6.159,11,3.0,115.0,1,1
2023-11-06,13,,64.0,303.0,2.0,0.0,Seco,Primavera,1,132,63669.0,5630,13475,19105,4.809,11,3.0,115.0,1,1
2023-11-07,12,44.6,41.0,120.0,0.3,0.0,Seco,Primavera,1,81,37823.0,1896,7737,9633,4.496,11,17.0,42.0,1,1
2023-11-08,12,46.1,40.0,103.0,3.0,0.0,Seco,Primavera,3,172,71164.0,4925,13973,18899,16.618,11,23.0,360.0,1,1
2023-11-08,13,56.2,39.0,119.0,2.2,0.0,Seco,Primavera,1,75,32851.0,2738,6640,9377,5.415,11,17.0,100.0,1,1
2023-11-09,12,98.6,47.0,306.0,2.4,0.0,Seco,Primavera,1,122,57117.0,4263,10228,14491,4.496,11,17.0,42.0,1,1
2023-11-09,13,42.7,45.0,306.0,2.9,0.0,Seco,Primavera,1,84,36145.0,2708,6422,9130,4.893,11,17.0,25.0,1,1
2023-11-10,12,72.2,42.0,319.0,2.4,0.0,Seco,Primavera,2,118,56324.0,3500,8462,11961,8.899000000000001,11,34.0,100.0,1,1
2023-11-11,12,26.1,72.0,176.0,0.0,0.4,Lluvia ligera,Primavera,1,84,45954.0,1098,10175,11274,4.728,11,17.0,25.0,1,1
2023-11-12,12,27.0,64.0,5.0,0.0,0.0,Seco,Primavera,2,115,53971.0,1973,11345,13318,11.26,11,42.0,165.0,1,1
2023-11-13,12,15.6,63.0,308.0,1.8,0.0,Seco,Primavera,2,165,96351.0,3923,16045,19966,10.184000000000001,11,34.0,84.0,1,1
2023-11-14,12,111.8,59.0,299.0,2.4,0.0,Seco,Primavera,3,208,102914.0,5183,18048,23232,16.587,11,51.0,265.0,1,1
2023-11-15,12,3.0,74.0,331.0,0.0,0.1,Lluvia ligera,Primavera,4,205,100174.0,4913,17074,21987,21.787,11,44.0,416.0,1,1
2023-11-16,12,3.3,68.0,349.0,0.6,0.1,Lluvia ligera,Primavera,3,234,111689.0,5706,18993,24699,17.125999999999998,11,34.0,247.0,1,1
2023-11-17,12,14.6,69.0,7.0,0.0,0.1,Lluvia ligera,Primavera,3,142,71343.0,3241,13322,16563,14.796,11,37.0,382.0,1,1
2023-11-18,13,8.1,54.0,304.0,1.9,0.0,Seco,Primavera,2,261,121143.0,5702,23441,29143,10.661999999999999,11,34.0,130.0,1,1
2023-11-19,12,13.2,52.0,118.0,2.4,0.0,Seco,Primavera,2,102,61572.0,2697,11082,13779,9.644,11,20.0,282.0,1,1
2023-11-20,7,16.3,94.0,209.0,0.0,0.0,Seco,Primavera,1,88,44468.0,1901,7827,9728,4.9003,11,3.0,182.0,1,1
2023-11-20,12,8.7,55.0,297.0,2.4,0.0,Seco,Primavera,1,49,23028.0,508,4706,5214,5.297,11,26.0,182.0,1,1
2023-11-21,12,13.5,38.0,306.0,1.6,0.0,Seco,Primavera,2,140,76319.0,2527,13980,16507,10.59,11,34.0,142.0,1,1
2023-11-22,12,32.2,30.0,294.0,2.4,0.0,Seco,Verano,2,120,45620.0,2487,10308,12796,11.254,11,20.0,282.0,1,1
2023-11-22,13,19.0,30.0,318.0,2.5,0.0,Seco,Verano,1,12,3395.0,198,816,1014,5.181,11,17.0,100.0,1,1
2023-11-23,12,56.1,30.0,308.0,1.7,0.0,Seco,Verano,2,162,86570.0,2770,15070,17840,10.414,11,17.0,282.0,1,1
2023-11-24,12,28.8,30.0,292.0,2.5,0.0,Seco,Verano,2,136,56687.0,1999,10666,12664,11.434999999999999,11,117.0,100.0,1,1
2023-11-25,12,28.2,32.0,310.0,1.8,0.0,Seco,Verano,2,166,78988.0,3294,13624,16918,10.889,11,34.0,142.0,1,1
2023-11-26,12,28.5,64.0,298.0,0.4,0.0,Seco,Verano,2,172,84910.0,2332,14557,16889,10.373,11,34.0,107.0,1,1
2023-11-27,12,28.8,66.0,298.0,0.2,0.0,Seco,Verano,2,252,145373.0,3866,23463,27329,8.751000000000001,11,34.0,130.0,1,1
2023-11-27,13,10.6,61.0,320.0,1.9,0.0,Seco,Verano,1,31,12136.0,275,2547,2823,5.714,11,3.0,182.0,1,1
2023-11-28,12,14.7,60.0,301.0,1.3,0.0,Seco,Verano,2,226,116305.0,2117,19599,21716,10.373,11,20.0,248.0,1,1
2023-11-29,13,7.6,71.0,321.0,2.8,0.1,Lluvia ligera,Verano,1,66,29259.0,1375,5677,7051,5.957,11,17.0,65.0,1,1
2023-11-29,15,5.7,71.0,348.0,0.6,0.2,Lluvia ligera,Verano,1,30,16015.0,643,2643,3286,4.22,11,17.0,65.0,1,2
2023-11-30,7,8.6,99.0,161.0,0.0,3.2,Lluvia moderada,Verano,1,31,18702.0,805,3310,4115,5.805,11,17.0,100.0,1,1
2024-01-01,12,,67.0,315.0,2.1,0.0,Seco,Verano,2,244,113324.0,4918,20278,25196,9.692,1,20.0,215.0,1,1
2024-01-02,12,,60.0,306.0,0.3,0.0,Seco,Verano,2,72,25304.0,1214,5022,6237,10.795,1,34.0,165.0,1,1
2024-01-02,13,,54.0,316.0,1.7,0.0,Seco,Verano,1,10,,0,324,324,3.953,1,17.0,65.0,1,1
2024-01-03,12,16.1,65.0,325.0,1.6,0.0,Seco,Verano,1,106,58507.0,2683,11032,13715,3.966,1,17.0,100.0,1,1
2024-01-04,7,16.1,98.0,170.0,0.0,0.0,Seco,Verano,1,76,108735.0,1282,5281,6563,4.522,1,17.0,100.0,1,1
2024-01-13,12,9.6,63.0,357.0,0.7,0.0,Seco,Verano,2,167,85566.0,3261,13336,16597,11.418,1,34.0,100.0,1,1
2024-01-14,7,6.1,98.0,208.0,0.0,0.0,Seco,Verano,1,93,50335.0,1812,7541,9352,4.026,1,17.0,100.0,1,1
2024-01-14,12,7.5,64.0,310.0,2.5,0.0,Seco,Verano,1,231,113101.0,2173,20019,22192,4.359,1,23.0,129.0,1,1
2024-01-15,7,2.3,98.0,193.0,0.0,0.7,Lluvia ligera,Verano,1,119,62917.0,930,8556,9487,4.905,1,17.0,100.0,1,1
2024-01-16,12,18.4,74.0,315.0,2.6,0.0,Seco,Verano,2,243,121087.0,2232,20624,22856,9.447,1,34.0,200.0,1,1
2024-01-17,12,33.2,62.0,307.0,2.4,0.0,Seco,Verano,1,75,37883.0,743,6813,7556,4.288,1,17.0,100.0,1,1
2024-01-18,12,9.3,92.0,114.0,0.0,1.8,Lluvia ligera,Verano,2,279,128149.0,2761,25611,28373,10.318000000000001,1,17.0,100.0,1,1
2024-01-19,7,5.7,97.0,275.0,0.0,0.0,Seco,Verano,1,86,42696.0,923,8618,9541,6.055,1,23.0,129.0,2,2
2024-01-19,12,22.0,72.0,306.0,1.4,0.0,Seco,Verano,1,38,17265.0,641,2635,3276,5.405,1,17.0,65.0,1,2
2024-01-21,12,22.9,73.0,310.0,0.4,0.0,Seco,Verano,4,273,125477.0,3251,19380,22632,20.528,1,68.0,100.0,1,1
2024-01-23,7,4.1,97.0,160.0,0.0,0.0,Seco,Verano,1,114,72840.0,2870,11805,14674,4.782,1,17.0,42.0,1,2
2024-01-23,12,35.5,64.0,295.0,2.2,0.0,Seco,Verano,2,154,123557.0,1834,12256,14090,9.34,1,34.0,42.0,1,1
2024-01-24,12,23.8,70.0,13.0,0.1,0.0,Seco,Verano,1,39,25090.0,1463,3510,4973,5.553,1,17.0,65.0,1,1
2024-01-25,12,18.2,61.0,317.0,1.6,0.0,Seco,Verano,2,116,56207.0,1332,12375,13707,11.39,1,17.0,565.0,1,1
2024-01-26,12,24.8,56.0,310.0,1.2,0.0,Seco,Verano,2,114,63033.0,1377,9532,10908,9.761,1,34.0,130.0,1,1
2024-01-27,12,25.0,74.0,139.0,0.0,0.0,Seco,Verano,2,161,73566.0,3729,11277,15006,6.286,1,34.0,130.0,1,1
2024-01-27,13,29.2,75.0,39.0,0.0,0.0,Seco,Verano,1,90,46100.0,946,8694,9639,3.379,1,17.0,42.0,1,2
2024-01-28,12,9.0,79.0,18.0,0.0,0.0,Seco,Verano,3,211,114828.0,4244,17342,21584,15.023,1,34.0,607.0,1,1
2024-01-29,12,42.5,69.0,299.0,0.1,0.0,Seco,Verano,2,194,87118.0,2865,11675,14541,8.995000000000001,1,17.0,282.0,1,1
2024-01-30,12,28.0,68.0,297.0,1.5,0.0,Seco,Verano,3,163,77736.0,2795,11568,14361,16.122,1,17.0,100.0,1,1
2024-02-02,12,,73.0,306.0,2.1,0.0,Seco,Verano,1,30,14766.0,609,2504,3113,4.663,2,17.0,65.0,1,1
2024-02-04,7,18.0,97.0,182.0,0.0,0.0,Seco,Verano,1,155,65804.0,4527,10856,15382,4.665,2,17.0,42.0,1,2
2024-02-04,12,16.7,72.0,313.0,0.2,0.0,Seco,Verano,3,113,47566.0,1866,7996,9861,15.418,2,27.0,282.0,1,1
2024-02-14,7,8.3,99.0,88.0,0.0,0.0,Seco,Verano,1,81,45090.0,1694,6938,8632,5.864,2,17.0,100.0,1,1
2024-02-15,12,21.5,59.0,55.0,1.3,0.0,Seco,Verano,1,69,28046.0,1260,5095,6354,4.654,2,17.0,100.0,1,1
2024-02-16,12,23.3,72.0,36.0,0.7,0.0,Seco,Verano,2,168,96379.0,0,19424,19424,10.405999999999999,2,34.0,200.0,1,1
2024-02-17,12,23.1,71.0,349.0,1.5,0.0,Seco,Verano,2,199,91620.0,4054,16636,20690,9.536,2,34.0,200.0,1,1
2024-02-18,7,43.9,94.0,171.0,0.0,0.0,Seco,Verano,1,89,56148.0,2150,8833,10983,5.792,2,17.0,100.0,1,1
2024-02-18,12,31.7,64.0,302.0,0.3,0.0,Seco,Verano,2,70,35338.0,292,5970,6262,9.33,2,34.0,200.0,1,1
2024-02-18,13,26.9,62.0,329.0,0.1,0.0,Seco,Verano,1,28,18556.0,807,3319,4126,4.389,2,17.0,100.0,1,1
2024-02-19,12,16.0,70.0,331.0,0.2,0.0,Seco,Verano,1,129,60198.0,2545,10469,13014,4.654,2,17.0,100.0,1,1
2024-02-20,7,12.7,98.0,164.0,0.0,0.0,Seco,Verano,2,64,27673.0,1252,5147,6399,7.29,2,34.0,200.0,1,1
2024-02-21,12,47.8,35.0,342.0,2.3,0.0,Seco,Verano,2,141,63178.0,2038,12176,14214,6.824,2,34.0,165.0,1,1
2024-02-22,7,14.3,84.0,182.0,0.0,0.0,Seco,Verano,1,124,69528.0,2791,7990,10781,4.325,2,17.0,65.0,1,1
2024-02-22,12,182.5,39.0,293.0,2.2,0.0,Seco,Verano,1,80,44097.0,2890,6934,9823,4.389,2,17.0,100.0,1,1
2024-02-23,7,25.6,69.0,141.0,0.0,0.0,Seco,Verano,1,130,61550.0,4156,9972,14128,4.752,2,17.0,42.0,1,2
2024-02-24,7,77.0,82.0,172.0,0.0,0.0,Seco,Verano,1,170,75023.0,1555,14487,16043,4.389,2,17.0,65.0,1,2
2024-02-24,12,54.9,39.0,297.0,2.7,0.0,Seco,Verano,2,184,98610.0,3770,15573,19343,10.519,2,43.0,295.0,1,1
2024-02-25,12,63.0,32.0,328.0,0.9,0.0,Seco,Verano,1,106,55025.0,3135,7513,10648,6.115,2,17.0,100.0,1,1
2024-02-25,13,25.0,31.0,308.0,1.1,0.0,Seco,Verano,1,26,14459.0,796,1909,2706,6.115,2,17.0,100.0,1,1
2024-02-26,12,33.3,52.0,311.0,0.5,0.0,Seco,Verano,2,207,95887.0,3830,15854,19684,6.317,2,34.0,200.0,1,1
2024-02-27,12,33.4,63.0,296.0,1.0,0.0,Seco,Verano,1,143,68553.0,4637,11120,15757,3.271,2,17.0,42.0,1,1
2024-02-29,12,6.2,69.0,96.0,0.1,0.0,Seco,Verano,2,131,66099.0,2867,11810,14677,6.333,2,34.0,200.0,1,1
2024-03-01,12,24.5,66.0,302.0,2.1,0.0,Seco,Verano,1,151,80565.0,1687,15603,17290,5.132,3,3.0,180.0,1,1
2024-03-02,12,,74.0,290.0,0.0,0.0,Seco,Verano,1,95,53746.0,1898,8301,10199,3.208,3,17.0,42.0,1,2
2024-03-03,12,,75.0,328.0,2.3,0.0,Seco,Verano,1,164,88016.0,3603,14735,18338,3.918,3,17.0,65.0,1,1
2024-03-13,12,29.9,56.0,152.0,0.6,0.0,Seco,Verano,2,122,62164.0,1131,10383,11513,9.538,3,17.0,600.0,1,1
2024-03-14,7,12.9,96.0,161.0,0.3,0.0,Seco,Verano,1,46,,383,3545,3928,4.355,3,23.0,500.0,3,1
2024-03-14,12,148.9,39.0,119.0,4.0,0.0,Seco,Verano,1,113,86150.0,1192,11091,12282,5.243,3,17.0,100.0,1,1
2024-03-15,7,34.8,97.0,186.0,0.0,0.0,Seco,Verano,1,18,,173,1597,1770,4.355,3,23.0,500.0,3,1
2024-03-15,12,83.4,68.0,327.0,1.1,0.0,Seco,Verano,1,44,32401.0,548,5070,5618,6.063,3,17.0,100.0,1,1
2024-03-16,12,16.6,72.0,332.0,1.2,0.0,Seco,Verano,1,114,44661.0,0,4846,4846,4.355,3,26.0,150.0,1,1
2024-03-17,12,62.9,75.0,291.0,0.5,0.0,Seco,Verano,2,245,130414.0,5270,21661,26931,9.001999999999999,3,34.0,200.0,1,1
2024-03-19,7,12.7,96.0,130.0,0.0,0.0,Seco,Verano,1,20,12319.0,241,2228,2469,3.918,3,17.0,100.0,1,1
2024-03-19,12,14.9,68.0,117.0,1.0,0.0,Seco,Verano,2,45,25950.0,597,4120,4717,9.274000000000001,3,34.0,165.0,1,1
2024-03-20,7,24.9,96.0,277.0,0.0,0.0,Seco,Verano,1,89,,1773,7288,9061,6.121,3,17.0,100.0,1,1
2024-03-20,12,8.0,72.0,336.0,0.0,0.0,Seco,Verano,2,77,79928.0,1261,5061,6322,9.046,3,126.0,650.0,1,1
2024-03-22,12,20.4,63.0,331.0,2.0,0.0,Seco,Otoño,1,98,31777.0,0,3062,3062,3.914,3,26.0,150.0,1,1
2024-03-23,7,24.1,99.0,180.0,0.0,0.0,Seco,Otoño,1,143,63208.0,4330,10438,14768,4.171,3,9.0,150.0,1,1
2024-03-23,12,17.5,75.0,343.0,0.0,0.1,Lluvia ligera,Otoño,2,98,52938.0,3098,7279,10377,7.881,3,26.0,215.0,1,1
2024-03-24,12,13.0,64.0,322.0,1.5,0.0,Seco,Otoño,3,166,90382.0,3876,14621,18497,16.794,3,34.0,700.0,1,1
2024-03-25,12,33.8,53.0,298.0,2.4,0.0,Seco,Otoño,1,123,41518.0,0,7091,7091,6.44,3,26.0,150.0,1,1
2024-03-26,7,29.4,92.0,154.0,0.0,0.0,Seco,Otoño,2,165,93184.0,4645,14394,19039,10.575,3,34.0,200.0,1,1
2024-03-28,12,64.5,30.0,313.0,2.8,0.0,Seco,Otoño,2,69,35829.0,1671,6860,8531,10.148,3,7.0,300.0,1,1
2024-03-29,7,109.0,82.0,196.0,0.0,0.0,Seco,Otoño,3,266,101395.0,6477,23026,29503,13.586,3,50.0,430.0,1,1
2024-03-29,12,103.2,47.0,297.0,3.0,0.0,Seco,Otoño,1,92,117267.0,2674,6410,9084,3.718,3,17.0,100.0,1,1
2024-03-31,12,24.4,63.0,297.0,2.3,0.0,Seco,Otoño,4,210,91305.0,3841,11737,15578,17.043,3,60.0,850.0,1,1
2024-04-01,12,12.2,0.0,0.0,0.0,0.0,Seco,Otoño,1,151,80565.0,1687,15603,17290,5.132,4,3.0,180.0,1,1
2024-04-02,7,24.3,97.0,171.0,0.0,0.0,Seco,Otoño,1,76,47159.0,2033,8381,10415,3.9887,4,17.0,100.0,1,1
2024-04-02,12,11.0,82.0,338.0,0.5,,,Otoño,1,75,33789.0,727,6732,7459,3.952,4,17.0,65.0,1,2
2024-04-04,12,10.1,73.0,113.0,0.3,0.0,Seco,Otoño,1,58,29163.0,1067,4324,5391,3.993,4,17.0,100.0,1,1
2024-04-13,12,16.2,84.0,110.0,1.6,0.6,Lluvia ligera,Otoño,1,109,53391.0,1402,7901,9304,5.132,4,17.0,100.0,1,1
2024-04-15,12,16.7,61.0,108.0,0.0,0.0,Seco,Otoño,2,334,188022.0,5603,31568,37171,10.264,4,34.0,200.0,1,1
2024-04-16,7,14.1,90.0,190.0,0.0,0.0,Seco,Otoño,1,112,43735.0,714,6594,7308,4.5,4,23.0,129.0,1,1
2024-04-17,7,85.5,93.0,195.0,0.0,0.0,Seco,Otoño,1,140,59869.0,3070,12688,15759,4.744,4,17.0,100.0,1,1
2024-04-18,12,63.5,58.0,302.0,2.6,0.0,Seco,Otoño,1,253,128507.0,5840,23847,29688,5.132,4,33.0,198.0,1,1
2024-04-20,12,84.4,73.0,345.0,0.9,0.0,Seco,Otoño,1,235,116045.0,5622,23148,28771,4.158,4,33.0,198.0,1,1
2024-04-21,12,22.8,0.0,0.0,0.0,0.0,Seco,Otoño,3,224,74852.0,2759,20013,22772,15.395999999999999,4,137.0,800.0,1,1
2024-04-22,7,11.3,98.0,199.0,0.0,0.0,Seco,Otoño,1,131,76739.0,5177,12412,17589,4.5,4,17.0,65.0,1,2
2024-04-22,12,14.7,74.0,335.0,1.2,0.0,Seco,Otoño,2,109,52901.0,2538,10353,12891,8.993,4,43.0,280.0,1,1
2024-04-24,12,11.9,73.0,322.0,2.6,0.0,Seco,Otoño,2,377,163036.0,3204,30487,33691,9.428,4,59.0,332.0,1,1
2024-04-25,7,6.5,98.0,180.0,0.0,0.0,Seco,Otoño,2,205,27788.0,5879,16043,21923,9.428,4,44.0,332.0,1,1
2024-04-25,12,31.5,74.0,324.0,0.4,0.0,Seco,Otoño,1,151,105546.0,1914,17710,19623,5.132,4,17.0,65.0,1,1
2024-04-26,7,44.5,95.0,124.0,0.0,0.0,Seco,Otoño,2,207,104897.0,3442,19056,22499,10.247,4,24.0,250.0,1,1
2024-04-27,7,15.0,97.0,181.0,0.0,0.0,Seco,Otoño,1,108,48444.0,1101,10180,11281,4.846,4,17.0,100.0,1,1
2024-04-28,7,35.8,94.0,145.0,0.0,0.0,Seco,Otoño,1,47,23337.0,500,4646,5146,4.162,4,17.0,100.0,1,1
2024-04-28,12,14.3,57.0,306.0,2.2,0.0,Seco,Otoño,2,169,86199.0,3660,15038,18698,9.692,4,46.0,364.0,1,1
2024-04-29,12,19.3,74.0,334.0,1.0,0.0,Seco,Otoño,1,149,94780.0,3192,13182,16374,4.846,4,17.0,100.0,1,1
2024-05-01,12,20.2,66.0,303.0,0.1,0.0,Seco,Otoño,1,164,84564.0,1796,16638,18434,4.518,5,17.0,100.0,1,1
2024-05-01,13,15.1,62.0,332.0,0.9,0.0,Seco,Otoño,1,148,53755.0,1638,15065,16703,4.435,5,3.0,180.0,1,1
2024-05-02,12,16.0,57.0,296.0,1.9,0.0,Seco,Otoño,2,114,62097.0,2102,11510,13612,11.231,5,34.0,142.0,1,1
2024-05-03,7,38.6,98.0,157.0,0.0,0.3,Lluvia ligera,Otoño,1,82,42425.0,1909,7911,9820,3.881,5,17.0,65.0,1,1
